{
  "native-v8-6.8.275.32-node.58": [
    72.2807999998331,
    65.2432000041008,
    25.824101001024246,
    25.279001004993916,
    23.968800000846386,
    24.349200002849102,
    23.723999999463558,
    24.99780000001192,
    24.293198995292187,
    24.973200000822544
  ],
  "lodash-v8-6.8.275.32-node.58": [
    194.92170000076294,
    171.23740000277758,
    109.44690100103617,
    105.541400000453,
    100.86439900100231,
    100.42519900202751,
    103.3171989992261,
    150.18219999969006,
    123.44999999552965,
    147.62040000408888
  ],
  "wiki-v8-6.8.275.32-node.58": [
    109.36280000209808,
    143.06760100275278,
    133.35579899698496,
    94.08959899842739,
    44.40439999848604,
    46.81229900568724,
    36.561100997030735,
    36.787399999797344,
    36.49929899722338,
    35.83379999548197
  ],
  "native-v8-8.3.110.9-node.23": [
    39.63119900226593,
    32.440600000321865,
    32.643801003694534,
    34.24050100147724,
    35.43879999965429,
    35.299898996949196,
    33.155698999762535,
    33.90759900212288,
    33.747399002313614,
    33.325199998915195
  ],
  "lodash-v8-8.3.110.9-node.23": [
    79.00429999828339,
    92.3707999959588,
    82.30530099570751,
    73.65890000015497,
    73.02329999953508,
    73.48539900034666,
    68.58630000054836,
    73.09070000052452,
    72.06359999626875,
    73.55609899759293
  ],
  "wiki-v8-8.3.110.9-node.23": [
    109.27750000357628,
    90.38939999789,
    99.43079999834299,
    92.08210099488497,
    29.867801003158092,
    23.557799994945526,
    23.472699999809265,
    23.385000005364418,
    22.61930000036955,
    22.348099999129772
  ]
}
